{"cameraMode":{"drawMode":0,"name":"Shaded","section":"Shading Mode"},"sceneLighting":true,"audioPlay":false,"sceneViewState":{"showFog":true,"showMaterialUpdate":false,"showSkybox":true,"showFlares":true,"showImageEffects":true,"showParticleSystems":true},"in2DMode":false,"pivot":{"x":-6.221663475036621,"y":5.6620659828186039,"z":-5.310718059539795},"rotation":{"x":-0.35389065742492678,"y":-0.38148051500320437,"z":0.16097699105739594,"w":-0.8386451601982117},"size":4.009288311004639,"orthographic":false}